"","crime","percentage_change"
"1","assault",32.0950430241305
"2","autotheft",210.976443372143
"3","biketheft",-17.3464294660268
"4","breakenter",-3.71646918020759
"5","homicide",210.802636268681
"6","robbery",-23.6538761556374
"7","shooting",146.712763148232
"8","theftfrommv",-21.3837836924791
"9","theftover",47.7995444318315
