"","crime","percentage_change"
"1","assault",14.6906918540477
"2","autotheft",20.6163945908073
"3","biketheft",0.260661602439282
"4","breakenter",25.6188685676932
"5","homicide",180.069352519086
"6","robbery",11.6282806595629
"7","shooting",24.8203372304738
"8","theftfrommv",-7.45379518684244
"9","theftover",16.0646109252404
