"","crime","percentage_change"
"1","assault",0.446871896722939
"2","autotheft",0.446871896722939
"3","biketheft",0.446871896722939
"4","breakenter",0.446871896722939
"5","homicide",0.446871896722939
"6","robbery",0.446871896722939
"7","shooting",0.446871896722939
"8","theftfrommv",0.446871896722939
"9","theftover",0.446871896722939
